{
	"textures": [
		{
			"image": "atlas.png",
			"normalMap": "atlas_n.png",
			"format": "RGBA8888",
			"size": {
				"w": 393,
				"h": 254
			},
			"scale": 1,
			"frames": [
				{
					"filename": "swishbg_0",
					"rotated": false,
					"trimmed": false,
					"sourceSize": {
						"w": 266,
						"h": 200
					},
					"spriteSourceSize": {
						"x": 0,
						"y": 0,
						"w": 266,
						"h": 200
					},
					"frame": {
						"x": 1,
						"y": 1,
						"w": 266,
						"h": 200
					}
				},
				{
					"filename": "WinThing",
					"rotated": false,
					"trimmed": true,
					"sourceSize": {
						"w": 150,
						"h": 50
					},
					"spriteSourceSize": {
						"x": 9,
						"y": 2,
						"w": 129,
						"h": 45
					},
					"frame": {
						"x": 1,
						"y": 203,
						"w": 129,
						"h": 45
					}
				},
				{
					"filename": "WinThing_0",
					"rotated": false,
					"trimmed": true,
					"sourceSize": {
						"w": 150,
						"h": 50
					},
					"spriteSourceSize": {
						"x": 9,
						"y": 2,
						"w": 129,
						"h": 45
					},
					"frame": {
						"x": 1,
						"y": 203,
						"w": 129,
						"h": 45
					}
				},
				{
					"filename": "WinThing_1",
					"rotated": false,
					"trimmed": true,
					"sourceSize": {
						"w": 150,
						"h": 50
					},
					"spriteSourceSize": {
						"x": 14,
						"y": 1,
						"w": 122,
						"h": 45
					},
					"frame": {
						"x": 269,
						"y": 1,
						"w": 122,
						"h": 45
					}
				},
				{
					"filename": "button2_0",
					"rotated": false,
					"trimmed": false,
					"sourceSize": {
						"w": 50,
						"h": 40
					},
					"spriteSourceSize": {
						"x": 0,
						"y": 0,
						"w": 50,
						"h": 40
					},
					"frame": {
						"x": 132,
						"y": 203,
						"w": 50,
						"h": 40
					}
				},
				{
					"filename": "player_dead.png_20",
					"rotated": false,
					"trimmed": true,
					"sourceSize": {
						"w": 128,
						"h": 128
					},
					"spriteSourceSize": {
						"x": 50,
						"y": 52,
						"w": 29,
						"h": 26
					},
					"frame": {
						"x": 269,
						"y": 48,
						"w": 29,
						"h": 26
					}
				},
				{
					"filename": "player_dead.png_17",
					"rotated": false,
					"trimmed": true,
					"sourceSize": {
						"w": 128,
						"h": 128
					},
					"spriteSourceSize": {
						"x": 50,
						"y": 53,
						"w": 30,
						"h": 24
					},
					"frame": {
						"x": 184,
						"y": 203,
						"w": 30,
						"h": 24
					}
				},
				{
					"filename": "player_dead.png_22",
					"rotated": false,
					"trimmed": true,
					"sourceSize": {
						"w": 128,
						"h": 128
					},
					"spriteSourceSize": {
						"x": 49,
						"y": 52,
						"w": 32,
						"h": 22
					},
					"frame": {
						"x": 300,
						"y": 48,
						"w": 32,
						"h": 22
					}
				},
				{
					"filename": "player_dead.png_23",
					"rotated": false,
					"trimmed": true,
					"sourceSize": {
						"w": 128,
						"h": 128
					},
					"spriteSourceSize": {
						"x": 49,
						"y": 52,
						"w": 32,
						"h": 22
					},
					"frame": {
						"x": 216,
						"y": 203,
						"w": 32,
						"h": 22
					}
				},
				{
					"filename": "player_dead.png_27",
					"rotated": false,
					"trimmed": true,
					"sourceSize": {
						"w": 128,
						"h": 128
					},
					"spriteSourceSize": {
						"x": 53,
						"y": 53,
						"w": 27,
						"h": 26
					},
					"frame": {
						"x": 216,
						"y": 227,
						"w": 27,
						"h": 26
					}
				},
				{
					"filename": "player_dead.png_18",
					"rotated": false,
					"trimmed": true,
					"sourceSize": {
						"w": 128,
						"h": 128
					},
					"spriteSourceSize": {
						"x": 50,
						"y": 53,
						"w": 30,
						"h": 21
					},
					"frame": {
						"x": 184,
						"y": 229,
						"w": 30,
						"h": 21
					}
				},
				{
					"filename": "player_dead.png_14",
					"rotated": false,
					"trimmed": true,
					"sourceSize": {
						"w": 128,
						"h": 128
					},
					"spriteSourceSize": {
						"x": 51,
						"y": 53,
						"w": 28,
						"h": 23
					},
					"frame": {
						"x": 269,
						"y": 76,
						"w": 28,
						"h": 23
					}
				},
				{
					"filename": "player_dead.png_15",
					"rotated": false,
					"trimmed": true,
					"sourceSize": {
						"w": 128,
						"h": 128
					},
					"spriteSourceSize": {
						"x": 51,
						"y": 53,
						"w": 28,
						"h": 23
					},
					"frame": {
						"x": 269,
						"y": 101,
						"w": 28,
						"h": 23
					}
				},
				{
					"filename": "player_dead.png_19",
					"rotated": false,
					"trimmed": true,
					"sourceSize": {
						"w": 128,
						"h": 128
					},
					"spriteSourceSize": {
						"x": 50,
						"y": 53,
						"w": 30,
						"h": 21
					},
					"frame": {
						"x": 334,
						"y": 48,
						"w": 30,
						"h": 21
					}
				},
				{
					"filename": "player_dead.png_11",
					"rotated": false,
					"trimmed": true,
					"sourceSize": {
						"w": 128,
						"h": 128
					},
					"spriteSourceSize": {
						"x": 52,
						"y": 54,
						"w": 26,
						"h": 20
					},
					"frame": {
						"x": 366,
						"y": 48,
						"w": 26,
						"h": 20
					}
				},
				{
					"filename": "player_dead.png_13",
					"rotated": false,
					"trimmed": true,
					"sourceSize": {
						"w": 128,
						"h": 128
					},
					"spriteSourceSize": {
						"x": 51,
						"y": 53,
						"w": 28,
						"h": 22
					},
					"frame": {
						"x": 269,
						"y": 126,
						"w": 28,
						"h": 22
					}
				},
				{
					"filename": "player_dead.png_12",
					"rotated": false,
					"trimmed": true,
					"sourceSize": {
						"w": 128,
						"h": 128
					},
					"spriteSourceSize": {
						"x": 51,
						"y": 54,
						"w": 27,
						"h": 21
					},
					"frame": {
						"x": 269,
						"y": 150,
						"w": 27,
						"h": 21
					}
				},
				{
					"filename": "player_dead.png_16",
					"rotated": false,
					"trimmed": true,
					"sourceSize": {
						"w": 128,
						"h": 128
					},
					"spriteSourceSize": {
						"x": 50,
						"y": 53,
						"w": 30,
						"h": 20
					},
					"frame": {
						"x": 269,
						"y": 173,
						"w": 30,
						"h": 20
					}
				},
				{
					"filename": "player_dead.png_21",
					"rotated": false,
					"trimmed": true,
					"sourceSize": {
						"w": 128,
						"h": 128
					},
					"spriteSourceSize": {
						"x": 50,
						"y": 52,
						"w": 23,
						"h": 22
					},
					"frame": {
						"x": 250,
						"y": 203,
						"w": 23,
						"h": 22
					}
				},
				{
					"filename": "player_dead.png_24",
					"rotated": false,
					"trimmed": true,
					"sourceSize": {
						"w": 128,
						"h": 128
					},
					"spriteSourceSize": {
						"x": 49,
						"y": 52,
						"w": 24,
						"h": 22
					},
					"frame": {
						"x": 245,
						"y": 227,
						"w": 24,
						"h": 22
					}
				},
				{
					"filename": "player_dead.png_10",
					"rotated": false,
					"trimmed": true,
					"sourceSize": {
						"w": 128,
						"h": 128
					},
					"spriteSourceSize": {
						"x": 52,
						"y": 54,
						"w": 25,
						"h": 20
					},
					"frame": {
						"x": 275,
						"y": 195,
						"w": 25,
						"h": 20
					}
				},
				{
					"filename": "player_dead.png_9",
					"rotated": false,
					"trimmed": true,
					"sourceSize": {
						"w": 128,
						"h": 128
					},
					"spriteSourceSize": {
						"x": 52,
						"y": 54,
						"w": 25,
						"h": 19
					},
					"frame": {
						"x": 275,
						"y": 217,
						"w": 25,
						"h": 19
					}
				},
				{
					"filename": "player_dead.png_4",
					"rotated": false,
					"trimmed": true,
					"sourceSize": {
						"w": 128,
						"h": 128
					},
					"spriteSourceSize": {
						"x": 54,
						"y": 56,
						"w": 21,
						"h": 15
					},
					"frame": {
						"x": 271,
						"y": 238,
						"w": 21,
						"h": 15
					}
				},
				{
					"filename": "doors_closed_0",
					"rotated": false,
					"trimmed": true,
					"sourceSize": {
						"w": 20,
						"h": 20
					},
					"spriteSourceSize": {
						"x": 1,
						"y": 1,
						"w": 18,
						"h": 15
					},
					"frame": {
						"x": 294,
						"y": 238,
						"w": 18,
						"h": 15
					}
				},
				{
					"filename": "player_dead.png_8",
					"rotated": false,
					"trimmed": true,
					"sourceSize": {
						"w": 128,
						"h": 128
					},
					"spriteSourceSize": {
						"x": 53,
						"y": 55,
						"w": 24,
						"h": 18
					},
					"frame": {
						"x": 300,
						"y": 72,
						"w": 24,
						"h": 18
					}
				},
				{
					"filename": "player_dead.png_26",
					"rotated": false,
					"trimmed": true,
					"sourceSize": {
						"w": 128,
						"h": 128
					},
					"spriteSourceSize": {
						"x": 53,
						"y": 53,
						"w": 21,
						"h": 19
					},
					"frame": {
						"x": 299,
						"y": 92,
						"w": 21,
						"h": 19
					}
				},
				{
					"filename": "player_dead.png_7",
					"rotated": false,
					"trimmed": true,
					"sourceSize": {
						"w": 128,
						"h": 128
					},
					"spriteSourceSize": {
						"x": 53,
						"y": 55,
						"w": 23,
						"h": 17
					},
					"frame": {
						"x": 299,
						"y": 113,
						"w": 23,
						"h": 17
					}
				},
				{
					"filename": "player_dead.png_6",
					"rotated": false,
					"trimmed": true,
					"sourceSize": {
						"w": 128,
						"h": 128
					},
					"spriteSourceSize": {
						"x": 53,
						"y": 55,
						"w": 23,
						"h": 16
					},
					"frame": {
						"x": 299,
						"y": 132,
						"w": 23,
						"h": 16
					}
				},
				{
					"filename": "player_dead.png_5",
					"rotated": false,
					"trimmed": true,
					"sourceSize": {
						"w": 128,
						"h": 128
					},
					"spriteSourceSize": {
						"x": 54,
						"y": 55,
						"w": 21,
						"h": 16
					},
					"frame": {
						"x": 298,
						"y": 150,
						"w": 21,
						"h": 16
					}
				},
				{
					"filename": "doors_open_0",
					"rotated": false,
					"trimmed": true,
					"sourceSize": {
						"w": 20,
						"h": 20
					},
					"spriteSourceSize": {
						"x": 1,
						"y": 1,
						"w": 18,
						"h": 15
					},
					"frame": {
						"x": 301,
						"y": 168,
						"w": 18,
						"h": 15
					}
				},
				{
					"filename": "ghosts_angered_0",
					"rotated": false,
					"trimmed": true,
					"sourceSize": {
						"w": 20,
						"h": 20
					},
					"spriteSourceSize": {
						"x": 3,
						"y": 0,
						"w": 15,
						"h": 18
					},
					"frame": {
						"x": 326,
						"y": 72,
						"w": 15,
						"h": 18
					}
				},
				{
					"filename": "ghosts_angered_1",
					"rotated": false,
					"trimmed": true,
					"sourceSize": {
						"w": 20,
						"h": 20
					},
					"spriteSourceSize": {
						"x": 3,
						"y": 0,
						"w": 15,
						"h": 18
					},
					"frame": {
						"x": 326,
						"y": 72,
						"w": 15,
						"h": 18
					}
				},
				{
					"filename": "ghosts_angered_2",
					"rotated": false,
					"trimmed": true,
					"sourceSize": {
						"w": 20,
						"h": 20
					},
					"spriteSourceSize": {
						"x": 3,
						"y": 0,
						"w": 15,
						"h": 18
					},
					"frame": {
						"x": 326,
						"y": 72,
						"w": 15,
						"h": 18
					}
				},
				{
					"filename": "ghosts_angered_3",
					"rotated": false,
					"trimmed": true,
					"sourceSize": {
						"w": 20,
						"h": 20
					},
					"spriteSourceSize": {
						"x": 3,
						"y": 0,
						"w": 15,
						"h": 18
					},
					"frame": {
						"x": 326,
						"y": 72,
						"w": 15,
						"h": 18
					}
				},
				{
					"filename": "player_dead.png_25",
					"rotated": false,
					"trimmed": true,
					"sourceSize": {
						"w": 128,
						"h": 128
					},
					"spriteSourceSize": {
						"x": 53,
						"y": 57,
						"w": 21,
						"h": 14
					},
					"frame": {
						"x": 343,
						"y": 71,
						"w": 21,
						"h": 14
					}
				},
				{
					"filename": "player_dead.png_2",
					"rotated": false,
					"trimmed": true,
					"sourceSize": {
						"w": 128,
						"h": 128
					},
					"spriteSourceSize": {
						"x": 55,
						"y": 57,
						"w": 19,
						"h": 14
					},
					"frame": {
						"x": 366,
						"y": 70,
						"w": 19,
						"h": 14
					}
				},
				{
					"filename": "player_dead.png_28",
					"rotated": false,
					"trimmed": true,
					"sourceSize": {
						"w": 128,
						"h": 128
					},
					"spriteSourceSize": {
						"x": 53,
						"y": 53,
						"w": 12,
						"h": 19
					},
					"frame": {
						"x": 322,
						"y": 92,
						"w": 12,
						"h": 19
					}
				},
				{
					"filename": "arrow",
					"rotated": false,
					"trimmed": true,
					"sourceSize": {
						"w": 16,
						"h": 16
					},
					"spriteSourceSize": {
						"x": 1,
						"y": 0,
						"w": 13,
						"h": 16
					},
					"frame": {
						"x": 324,
						"y": 113,
						"w": 13,
						"h": 16
					}
				},
				{
					"filename": "ghosts_float_0",
					"rotated": false,
					"trimmed": true,
					"sourceSize": {
						"w": 20,
						"h": 20
					},
					"spriteSourceSize": {
						"x": 3,
						"y": 2,
						"w": 15,
						"h": 16
					},
					"frame": {
						"x": 324,
						"y": 131,
						"w": 15,
						"h": 16
					}
				},
				{
					"filename": "ghosts_float_3",
					"rotated": false,
					"trimmed": true,
					"sourceSize": {
						"w": 20,
						"h": 20
					},
					"spriteSourceSize": {
						"x": 3,
						"y": 2,
						"w": 15,
						"h": 16
					},
					"frame": {
						"x": 324,
						"y": 131,
						"w": 15,
						"h": 16
					}
				},
				{
					"filename": "ghosts_peacefloat_0",
					"rotated": false,
					"trimmed": true,
					"sourceSize": {
						"w": 20,
						"h": 20
					},
					"spriteSourceSize": {
						"x": 3,
						"y": 2,
						"w": 15,
						"h": 16
					},
					"frame": {
						"x": 324,
						"y": 131,
						"w": 15,
						"h": 16
					}
				},
				{
					"filename": "ghosts_peacefloat_3",
					"rotated": false,
					"trimmed": true,
					"sourceSize": {
						"w": 20,
						"h": 20
					},
					"spriteSourceSize": {
						"x": 3,
						"y": 2,
						"w": 15,
						"h": 16
					},
					"frame": {
						"x": 324,
						"y": 131,
						"w": 15,
						"h": 16
					}
				},
				{
					"filename": "player_dead.png_1",
					"rotated": false,
					"trimmed": true,
					"sourceSize": {
						"w": 128,
						"h": 128
					},
					"spriteSourceSize": {
						"x": 56,
						"y": 57,
						"w": 17,
						"h": 15
					},
					"frame": {
						"x": 302,
						"y": 185,
						"w": 17,
						"h": 15
					}
				},
				{
					"filename": "player_jumpdown_hold_1",
					"rotated": false,
					"trimmed": true,
					"sourceSize": {
						"w": 32,
						"h": 32
					},
					"spriteSourceSize": {
						"x": 6,
						"y": 8,
						"w": 18,
						"h": 15
					},
					"frame": {
						"x": 302,
						"y": 202,
						"w": 18,
						"h": 15
					}
				},
				{
					"filename": "player_run_hold_4",
					"rotated": false,
					"trimmed": true,
					"sourceSize": {
						"w": 32,
						"h": 32
					},
					"spriteSourceSize": {
						"x": 6,
						"y": 8,
						"w": 18,
						"h": 15
					},
					"frame": {
						"x": 302,
						"y": 219,
						"w": 18,
						"h": 15
					}
				},
				{
					"filename": "player_dead.png_3",
					"rotated": false,
					"trimmed": true,
					"sourceSize": {
						"w": 128,
						"h": 128
					},
					"spriteSourceSize": {
						"x": 55,
						"y": 57,
						"w": 19,
						"h": 14
					},
					"frame": {
						"x": 343,
						"y": 87,
						"w": 19,
						"h": 14
					}
				},
				{
					"filename": "ghosts_float_1",
					"rotated": false,
					"trimmed": true,
					"sourceSize": {
						"w": 20,
						"h": 20
					},
					"spriteSourceSize": {
						"x": 3,
						"y": 2,
						"w": 15,
						"h": 16
					},
					"frame": {
						"x": 314,
						"y": 236,
						"w": 15,
						"h": 16
					}
				},
				{
					"filename": "ghosts_peacefloat_1",
					"rotated": false,
					"trimmed": true,
					"sourceSize": {
						"w": 20,
						"h": 20
					},
					"spriteSourceSize": {
						"x": 3,
						"y": 2,
						"w": 15,
						"h": 16
					},
					"frame": {
						"x": 314,
						"y": 236,
						"w": 15,
						"h": 16
					}
				},
				{
					"filename": "player_jumpdown_hold_0",
					"rotated": false,
					"trimmed": true,
					"sourceSize": {
						"w": 32,
						"h": 32
					},
					"spriteSourceSize": {
						"x": 6,
						"y": 7,
						"w": 18,
						"h": 14
					},
					"frame": {
						"x": 339,
						"y": 103,
						"w": 18,
						"h": 14
					}
				},
				{
					"filename": "player_run_hold_3",
					"rotated": false,
					"trimmed": true,
					"sourceSize": {
						"w": 32,
						"h": 32
					},
					"spriteSourceSize": {
						"x": 6,
						"y": 7,
						"w": 18,
						"h": 14
					},
					"frame": {
						"x": 339,
						"y": 103,
						"w": 18,
						"h": 14
					}
				},
				{
					"filename": "boltshooters_0",
					"rotated": false,
					"trimmed": false,
					"sourceSize": {
						"w": 10,
						"h": 10
					},
					"spriteSourceSize": {
						"x": 0,
						"y": 0,
						"w": 10,
						"h": 10
					},
					"frame": {
						"x": 339,
						"y": 119,
						"w": 10,
						"h": 10
					}
				},
				{
					"filename": "ghosts_float_2",
					"rotated": false,
					"trimmed": true,
					"sourceSize": {
						"w": 20,
						"h": 20
					},
					"spriteSourceSize": {
						"x": 3,
						"y": 2,
						"w": 15,
						"h": 16
					},
					"frame": {
						"x": 341,
						"y": 131,
						"w": 15,
						"h": 16
					}
				},
				{
					"filename": "ghosts_peacefloat_2",
					"rotated": false,
					"trimmed": true,
					"sourceSize": {
						"w": 20,
						"h": 20
					},
					"spriteSourceSize": {
						"x": 3,
						"y": 2,
						"w": 15,
						"h": 16
					},
					"frame": {
						"x": 341,
						"y": 131,
						"w": 15,
						"h": 16
					}
				},
				{
					"filename": "boltshooters_1",
					"rotated": false,
					"trimmed": false,
					"sourceSize": {
						"w": 10,
						"h": 10
					},
					"spriteSourceSize": {
						"x": 0,
						"y": 0,
						"w": 10,
						"h": 10
					},
					"frame": {
						"x": 351,
						"y": 119,
						"w": 10,
						"h": 10
					}
				},
				{
					"filename": "druger_stand_0",
					"rotated": false,
					"trimmed": true,
					"sourceSize": {
						"w": 32,
						"h": 32
					},
					"spriteSourceSize": {
						"x": 10,
						"y": 8,
						"w": 12,
						"h": 14
					},
					"frame": {
						"x": 359,
						"y": 103,
						"w": 12,
						"h": 14
					}
				},
				{
					"filename": "guy_stand_0",
					"rotated": false,
					"trimmed": true,
					"sourceSize": {
						"w": 32,
						"h": 32
					},
					"spriteSourceSize": {
						"x": 9,
						"y": 9,
						"w": 15,
						"h": 14
					},
					"frame": {
						"x": 364,
						"y": 87,
						"w": 15,
						"h": 14
					}
				},
				{
					"filename": "player_dead_3",
					"rotated": false,
					"trimmed": true,
					"sourceSize": {
						"w": 32,
						"h": 32
					},
					"spriteSourceSize": {
						"x": 9,
						"y": 9,
						"w": 15,
						"h": 14
					},
					"frame": {
						"x": 364,
						"y": 87,
						"w": 15,
						"h": 14
					}
				},
				{
					"filename": "player_dead.png_0",
					"rotated": false,
					"trimmed": true,
					"sourceSize": {
						"w": 128,
						"h": 128
					},
					"spriteSourceSize": {
						"x": 56,
						"y": 58,
						"w": 17,
						"h": 14
					},
					"frame": {
						"x": 373,
						"y": 103,
						"w": 17,
						"h": 14
					}
				},
				{
					"filename": "player_run_hold_2",
					"rotated": false,
					"trimmed": true,
					"sourceSize": {
						"w": 32,
						"h": 32
					},
					"spriteSourceSize": {
						"x": 6,
						"y": 9,
						"w": 18,
						"h": 14
					},
					"frame": {
						"x": 363,
						"y": 119,
						"w": 18,
						"h": 14
					}
				},
				{
					"filename": "player_dead_hold_0",
					"rotated": false,
					"trimmed": true,
					"sourceSize": {
						"w": 32,
						"h": 32
					},
					"spriteSourceSize": {
						"x": 7,
						"y": 8,
						"w": 17,
						"h": 14
					},
					"frame": {
						"x": 358,
						"y": 135,
						"w": 17,
						"h": 14
					}
				},
				{
					"filename": "player_run_hold_1",
					"rotated": false,
					"trimmed": true,
					"sourceSize": {
						"w": 32,
						"h": 32
					},
					"spriteSourceSize": {
						"x": 7,
						"y": 8,
						"w": 17,
						"h": 14
					},
					"frame": {
						"x": 358,
						"y": 135,
						"w": 17,
						"h": 14
					}
				},
				{
					"filename": "player_stand_hold_0",
					"rotated": false,
					"trimmed": true,
					"sourceSize": {
						"w": 32,
						"h": 32
					},
					"spriteSourceSize": {
						"x": 7,
						"y": 8,
						"w": 17,
						"h": 14
					},
					"frame": {
						"x": 358,
						"y": 135,
						"w": 17,
						"h": 14
					}
				},
				{
					"filename": "player_jumpdown_1",
					"rotated": false,
					"trimmed": true,
					"sourceSize": {
						"w": 32,
						"h": 32
					},
					"spriteSourceSize": {
						"x": 6,
						"y": 8,
						"w": 15,
						"h": 15
					},
					"frame": {
						"x": 377,
						"y": 135,
						"w": 15,
						"h": 15
					}
				},
				{
					"filename": "player_run_4",
					"rotated": false,
					"trimmed": true,
					"sourceSize": {
						"w": 32,
						"h": 32
					},
					"spriteSourceSize": {
						"x": 6,
						"y": 8,
						"w": 15,
						"h": 15
					},
					"frame": {
						"x": 321,
						"y": 150,
						"w": 15,
						"h": 15
					}
				},
				{
					"filename": "player_run_hold_0",
					"rotated": false,
					"trimmed": true,
					"sourceSize": {
						"w": 32,
						"h": 32
					},
					"spriteSourceSize": {
						"x": 7,
						"y": 7,
						"w": 17,
						"h": 14
					},
					"frame": {
						"x": 338,
						"y": 149,
						"w": 17,
						"h": 14
					}
				},
				{
					"filename": "player_dead_0",
					"rotated": false,
					"trimmed": true,
					"sourceSize": {
						"w": 32,
						"h": 32
					},
					"spriteSourceSize": {
						"x": 6,
						"y": 7,
						"w": 15,
						"h": 14
					},
					"frame": {
						"x": 321,
						"y": 167,
						"w": 15,
						"h": 14
					}
				},
				{
					"filename": "player_jumpdown_0",
					"rotated": false,
					"trimmed": true,
					"sourceSize": {
						"w": 32,
						"h": 32
					},
					"spriteSourceSize": {
						"x": 6,
						"y": 7,
						"w": 15,
						"h": 14
					},
					"frame": {
						"x": 321,
						"y": 167,
						"w": 15,
						"h": 14
					}
				},
				{
					"filename": "player_run_3",
					"rotated": false,
					"trimmed": true,
					"sourceSize": {
						"w": 32,
						"h": 32
					},
					"spriteSourceSize": {
						"x": 6,
						"y": 7,
						"w": 15,
						"h": 14
					},
					"frame": {
						"x": 321,
						"y": 167,
						"w": 15,
						"h": 14
					}
				},
				{
					"filename": "player_run_hold_5",
					"rotated": false,
					"trimmed": true,
					"sourceSize": {
						"w": 32,
						"h": 32
					},
					"spriteSourceSize": {
						"x": 7,
						"y": 9,
						"w": 17,
						"h": 14
					},
					"frame": {
						"x": 338,
						"y": 165,
						"w": 17,
						"h": 14
					}
				},
				{
					"filename": "player_jumpup_hold_0",
					"rotated": false,
					"trimmed": true,
					"sourceSize": {
						"w": 32,
						"h": 32
					},
					"spriteSourceSize": {
						"x": 8,
						"y": 9,
						"w": 16,
						"h": 14
					},
					"frame": {
						"x": 357,
						"y": 151,
						"w": 16,
						"h": 14
					}
				},
				{
					"filename": "player_run_0",
					"rotated": false,
					"trimmed": true,
					"sourceSize": {
						"w": 32,
						"h": 32
					},
					"spriteSourceSize": {
						"x": 7,
						"y": 7,
						"w": 15,
						"h": 14
					},
					"frame": {
						"x": 321,
						"y": 183,
						"w": 15,
						"h": 14
					}
				},
				{
					"filename": "player_walktowards_0",
					"rotated": false,
					"trimmed": true,
					"sourceSize": {
						"w": 32,
						"h": 32
					},
					"spriteSourceSize": {
						"x": 7,
						"y": 7,
						"w": 15,
						"h": 14
					},
					"frame": {
						"x": 321,
						"y": 183,
						"w": 15,
						"h": 14
					}
				},
				{
					"filename": "player_run_1",
					"rotated": false,
					"trimmed": true,
					"sourceSize": {
						"w": 32,
						"h": 32
					},
					"spriteSourceSize": {
						"x": 7,
						"y": 8,
						"w": 15,
						"h": 14
					},
					"frame": {
						"x": 338,
						"y": 181,
						"w": 15,
						"h": 14
					}
				},
				{
					"filename": "player_walktowards_1",
					"rotated": false,
					"trimmed": true,
					"sourceSize": {
						"w": 32,
						"h": 32
					},
					"spriteSourceSize": {
						"x": 7,
						"y": 8,
						"w": 15,
						"h": 14
					},
					"frame": {
						"x": 338,
						"y": 181,
						"w": 15,
						"h": 14
					}
				},
				{
					"filename": "player_run_2",
					"rotated": false,
					"trimmed": true,
					"sourceSize": {
						"w": 32,
						"h": 32
					},
					"spriteSourceSize": {
						"x": 6,
						"y": 9,
						"w": 15,
						"h": 14
					},
					"frame": {
						"x": 357,
						"y": 167,
						"w": 15,
						"h": 14
					}
				},
				{
					"filename": "player_run_5",
					"rotated": false,
					"trimmed": true,
					"sourceSize": {
						"w": 32,
						"h": 32
					},
					"spriteSourceSize": {
						"x": 7,
						"y": 9,
						"w": 15,
						"h": 14
					},
					"frame": {
						"x": 375,
						"y": 152,
						"w": 15,
						"h": 14
					}
				},
				{
					"filename": "player_throw_2",
					"rotated": false,
					"trimmed": true,
					"sourceSize": {
						"w": 32,
						"h": 32
					},
					"spriteSourceSize": {
						"x": 8,
						"y": 9,
						"w": 15,
						"h": 14
					},
					"frame": {
						"x": 374,
						"y": 168,
						"w": 15,
						"h": 14
					}
				},
				{
					"filename": "player_throw_0",
					"rotated": false,
					"trimmed": true,
					"sourceSize": {
						"w": 32,
						"h": 32
					},
					"spriteSourceSize": {
						"x": 7,
						"y": 9,
						"w": 14,
						"h": 14
					},
					"frame": {
						"x": 322,
						"y": 199,
						"w": 14,
						"h": 14
					}
				},
				{
					"filename": "player_throw_3",
					"rotated": false,
					"trimmed": true,
					"sourceSize": {
						"w": 32,
						"h": 32
					},
					"spriteSourceSize": {
						"x": 7,
						"y": 9,
						"w": 15,
						"h": 14
					},
					"frame": {
						"x": 338,
						"y": 197,
						"w": 15,
						"h": 14
					}
				},
				{
					"filename": "player_throw_1",
					"rotated": false,
					"trimmed": true,
					"sourceSize": {
						"w": 32,
						"h": 32
					},
					"spriteSourceSize": {
						"x": 9,
						"y": 9,
						"w": 14,
						"h": 14
					},
					"frame": {
						"x": 322,
						"y": 215,
						"w": 14,
						"h": 14
					}
				},
				{
					"filename": "player_throw_4",
					"rotated": false,
					"trimmed": true,
					"sourceSize": {
						"w": 32,
						"h": 32
					},
					"spriteSourceSize": {
						"x": 8,
						"y": 9,
						"w": 14,
						"h": 14
					},
					"frame": {
						"x": 338,
						"y": 213,
						"w": 14,
						"h": 14
					}
				},
				{
					"filename": "player_jumpup_0",
					"rotated": false,
					"trimmed": true,
					"sourceSize": {
						"w": 32,
						"h": 32
					},
					"spriteSourceSize": {
						"x": 8,
						"y": 9,
						"w": 13,
						"h": 14
					},
					"frame": {
						"x": 355,
						"y": 183,
						"w": 13,
						"h": 14
					}
				},
				{
					"filename": "player_dead_1",
					"rotated": false,
					"trimmed": true,
					"sourceSize": {
						"w": 32,
						"h": 32
					},
					"spriteSourceSize": {
						"x": 9,
						"y": 9,
						"w": 12,
						"h": 14
					},
					"frame": {
						"x": 355,
						"y": 199,
						"w": 12,
						"h": 14
					}
				},
				{
					"filename": "player_dead_2",
					"rotated": false,
					"trimmed": true,
					"sourceSize": {
						"w": 32,
						"h": 32
					},
					"spriteSourceSize": {
						"x": 9,
						"y": 9,
						"w": 12,
						"h": 14
					},
					"frame": {
						"x": 354,
						"y": 215,
						"w": 12,
						"h": 14
					}
				},
				{
					"filename": "player_stand_0",
					"rotated": false,
					"trimmed": true,
					"sourceSize": {
						"w": 32,
						"h": 32
					},
					"spriteSourceSize": {
						"x": 9,
						"y": 9,
						"w": 12,
						"h": 14
					},
					"frame": {
						"x": 370,
						"y": 184,
						"w": 12,
						"h": 14
					}
				},
				{
					"filename": "player_throw_5",
					"rotated": false,
					"trimmed": true,
					"sourceSize": {
						"w": 32,
						"h": 32
					},
					"spriteSourceSize": {
						"x": 10,
						"y": 9,
						"w": 12,
						"h": 14
					},
					"frame": {
						"x": 369,
						"y": 200,
						"w": 12,
						"h": 14
					}
				},
				{
					"filename": "boltshooters_2",
					"rotated": false,
					"trimmed": true,
					"sourceSize": {
						"w": 10,
						"h": 10
					},
					"spriteSourceSize": {
						"x": 0,
						"y": 2,
						"w": 8,
						"h": 6
					},
					"frame": {
						"x": 384,
						"y": 184,
						"w": 8,
						"h": 6
					}
				},
				{
					"filename": "boltshooters_3",
					"rotated": false,
					"trimmed": true,
					"sourceSize": {
						"w": 10,
						"h": 10
					},
					"spriteSourceSize": {
						"x": 0,
						"y": 2,
						"w": 8,
						"h": 6
					},
					"frame": {
						"x": 384,
						"y": 192,
						"w": 8,
						"h": 6
					}
				},
				{
					"filename": "waterfall_falling_0",
					"rotated": false,
					"trimmed": false,
					"sourceSize": {
						"w": 10,
						"h": 10
					},
					"spriteSourceSize": {
						"x": 0,
						"y": 0,
						"w": 10,
						"h": 10
					},
					"frame": {
						"x": 368,
						"y": 216,
						"w": 10,
						"h": 10
					}
				},
				{
					"filename": "torch_0",
					"rotated": false,
					"trimmed": true,
					"sourceSize": {
						"w": 20,
						"h": 20
					},
					"spriteSourceSize": {
						"x": 7,
						"y": 6,
						"w": 6,
						"h": 9
					},
					"frame": {
						"x": 383,
						"y": 119,
						"w": 6,
						"h": 9
					}
				},
				{
					"filename": "player_dead.png_30",
					"rotated": false,
					"trimmed": true,
					"sourceSize": {
						"w": 128,
						"h": 128
					},
					"spriteSourceSize": {
						"x": 52,
						"y": 69,
						"w": 4,
						"h": 3
					},
					"frame": {
						"x": 1,
						"y": 250,
						"w": 4,
						"h": 3
					}
				},
				{
					"filename": "waterfall_falling_1",
					"rotated": false,
					"trimmed": false,
					"sourceSize": {
						"w": 10,
						"h": 10
					},
					"spriteSourceSize": {
						"x": 0,
						"y": 0,
						"w": 10,
						"h": 10
					},
					"frame": {
						"x": 381,
						"y": 86,
						"w": 10,
						"h": 10
					}
				},
				{
					"filename": "player_dead.png_31",
					"rotated": false,
					"trimmed": true,
					"sourceSize": {
						"w": 128,
						"h": 128
					},
					"spriteSourceSize": {
						"x": 52,
						"y": 69,
						"w": 3,
						"h": 3
					},
					"frame": {
						"x": 322,
						"y": 231,
						"w": 3,
						"h": 3
					}
				},
				{
					"filename": "player_dead.png_32",
					"rotated": false,
					"trimmed": true,
					"sourceSize": {
						"w": 128,
						"h": 128
					},
					"spriteSourceSize": {
						"x": 52,
						"y": 69,
						"w": 3,
						"h": 3
					},
					"frame": {
						"x": 322,
						"y": 231,
						"w": 3,
						"h": 3
					}
				},
				{
					"filename": "player_dead.png_33",
					"rotated": false,
					"trimmed": true,
					"sourceSize": {
						"w": 128,
						"h": 128
					},
					"spriteSourceSize": {
						"x": 52,
						"y": 69,
						"w": 3,
						"h": 3
					},
					"frame": {
						"x": 383,
						"y": 130,
						"w": 3,
						"h": 3
					}
				},
				{
					"filename": "player_dead.png_34",
					"rotated": false,
					"trimmed": true,
					"sourceSize": {
						"w": 128,
						"h": 128
					},
					"spriteSourceSize": {
						"x": 52,
						"y": 69,
						"w": 3,
						"h": 3
					},
					"frame": {
						"x": 383,
						"y": 130,
						"w": 3,
						"h": 3
					}
				},
				{
					"filename": "player_dead.png_35",
					"rotated": false,
					"trimmed": true,
					"sourceSize": {
						"w": 128,
						"h": 128
					},
					"spriteSourceSize": {
						"x": 52,
						"y": 69,
						"w": 3,
						"h": 3
					},
					"frame": {
						"x": 383,
						"y": 130,
						"w": 3,
						"h": 3
					}
				},
				{
					"filename": "player_dead.png_36",
					"rotated": false,
					"trimmed": true,
					"sourceSize": {
						"w": 128,
						"h": 128
					},
					"spriteSourceSize": {
						"x": 0,
						"y": 0,
						"w": 3,
						"h": 3
					},
					"frame": {
						"x": 7,
						"y": 250,
						"w": 3,
						"h": 3
					}
				},
				{
					"filename": "waterfall_falling_2",
					"rotated": false,
					"trimmed": false,
					"sourceSize": {
						"w": 10,
						"h": 10
					},
					"spriteSourceSize": {
						"x": 0,
						"y": 0,
						"w": 10,
						"h": 10
					},
					"frame": {
						"x": 368,
						"y": 228,
						"w": 10,
						"h": 10
					}
				},
				{
					"filename": "waterfall_falling_3",
					"rotated": false,
					"trimmed": false,
					"sourceSize": {
						"w": 10,
						"h": 10
					},
					"spriteSourceSize": {
						"x": 0,
						"y": 0,
						"w": 10,
						"h": 10
					},
					"frame": {
						"x": 380,
						"y": 216,
						"w": 10,
						"h": 10
					}
				},
				{
					"filename": "waterfall_hitting_0",
					"rotated": false,
					"trimmed": false,
					"sourceSize": {
						"w": 10,
						"h": 10
					},
					"spriteSourceSize": {
						"x": 0,
						"y": 0,
						"w": 10,
						"h": 10
					},
					"frame": {
						"x": 380,
						"y": 228,
						"w": 10,
						"h": 10
					}
				},
				{
					"filename": "waterfall_hitting_1",
					"rotated": false,
					"trimmed": false,
					"sourceSize": {
						"w": 10,
						"h": 10
					},
					"spriteSourceSize": {
						"x": 0,
						"y": 0,
						"w": 10,
						"h": 10
					},
					"frame": {
						"x": 338,
						"y": 229,
						"w": 10,
						"h": 10
					}
				},
				{
					"filename": "waterfall_hitting_2",
					"rotated": false,
					"trimmed": false,
					"sourceSize": {
						"w": 10,
						"h": 10
					},
					"spriteSourceSize": {
						"x": 0,
						"y": 0,
						"w": 10,
						"h": 10
					},
					"frame": {
						"x": 350,
						"y": 231,
						"w": 10,
						"h": 10
					}
				},
				{
					"filename": "waterfall_hitting_3",
					"rotated": false,
					"trimmed": false,
					"sourceSize": {
						"w": 10,
						"h": 10
					},
					"spriteSourceSize": {
						"x": 0,
						"y": 0,
						"w": 10,
						"h": 10
					},
					"frame": {
						"x": 331,
						"y": 243,
						"w": 10,
						"h": 10
					}
				},
				{
					"filename": "waterfall_overflow_0",
					"rotated": false,
					"trimmed": false,
					"sourceSize": {
						"w": 10,
						"h": 10
					},
					"spriteSourceSize": {
						"x": 0,
						"y": 0,
						"w": 10,
						"h": 10
					},
					"frame": {
						"x": 343,
						"y": 243,
						"w": 10,
						"h": 10
					}
				},
				{
					"filename": "waterfall_overflow_1",
					"rotated": false,
					"trimmed": false,
					"sourceSize": {
						"w": 10,
						"h": 10
					},
					"spriteSourceSize": {
						"x": 0,
						"y": 0,
						"w": 10,
						"h": 10
					},
					"frame": {
						"x": 355,
						"y": 243,
						"w": 10,
						"h": 10
					}
				},
				{
					"filename": "waterfall_overflow_2",
					"rotated": false,
					"trimmed": false,
					"sourceSize": {
						"w": 10,
						"h": 10
					},
					"spriteSourceSize": {
						"x": 0,
						"y": 0,
						"w": 10,
						"h": 10
					},
					"frame": {
						"x": 367,
						"y": 240,
						"w": 10,
						"h": 10
					}
				},
				{
					"filename": "waterfall_overflow_3",
					"rotated": false,
					"trimmed": false,
					"sourceSize": {
						"w": 10,
						"h": 10
					},
					"spriteSourceSize": {
						"x": 0,
						"y": 0,
						"w": 10,
						"h": 10
					},
					"frame": {
						"x": 379,
						"y": 240,
						"w": 10,
						"h": 10
					}
				},
				{
					"filename": "particles_0",
					"rotated": false,
					"trimmed": false,
					"sourceSize": {
						"w": 2,
						"h": 2
					},
					"spriteSourceSize": {
						"x": 0,
						"y": 0,
						"w": 2,
						"h": 2
					},
					"frame": {
						"x": 245,
						"y": 251,
						"w": 2,
						"h": 2
					}
				},
				{
					"filename": "particles_1",
					"rotated": false,
					"trimmed": false,
					"sourceSize": {
						"w": 2,
						"h": 2
					},
					"spriteSourceSize": {
						"x": 0,
						"y": 0,
						"w": 2,
						"h": 2
					},
					"frame": {
						"x": 271,
						"y": 227,
						"w": 2,
						"h": 2
					}
				},
				{
					"filename": "particles_2",
					"rotated": false,
					"trimmed": false,
					"sourceSize": {
						"w": 2,
						"h": 2
					},
					"spriteSourceSize": {
						"x": 0,
						"y": 0,
						"w": 2,
						"h": 2
					},
					"frame": {
						"x": 358,
						"y": 131,
						"w": 2,
						"h": 2
					}
				},
				{
					"filename": "player_dead.png_29",
					"rotated": false,
					"trimmed": true,
					"sourceSize": {
						"w": 128,
						"h": 128
					},
					"spriteSourceSize": {
						"x": 53,
						"y": 68,
						"w": 3,
						"h": 4
					},
					"frame": {
						"x": 269,
						"y": 195,
						"w": 3,
						"h": 4
					}
				}
			]
		}
	],
	"meta": {
		"app": "https://www.codeandweb.com/texturepacker",
		"version": "3.0",
		"smartupdate": "$TexturePacker:SmartUpdate:4b9854668e6f2be95197e42147a7c416:8b8920432ca0ab63f4b5e1111b5655e0:0fa6ba49f102de34a1260816cef426e4$"
	}
}
